order	mean	sd	month
1	0.9999999999999998	0.40698088379220376	1
2	0.36163941270614464	0.18008142247093836	1
3	0.25617628472306075	0.12038266039836945	1
4	0.20903604055218858	0.09324287851419275	1
5	0.18150034265042536	0.0781662542823037	1
6	0.16291685827364302	0.06900822270665345	1
7	0.1491725442892544	0.06298940380968691	1
8	0.13836079574301996	0.05870767947629458	1
9	0.1294816797077415	0.05542372734665018	1
10	0.12196130234865478	0.052737331133793273	1
11	0.1154464664569879	0.05042732052506386	1
12	0.10970693279410101	0.04836906032201239	1
13	0.10458497286432074	0.04649070975579219	1
14	0.09996770717224429	0.0447495520917064	1
15	0.09577121282686014	0.043118998108075124	1
16	0.09193103376612358	0.04158138861497922	1
17	0.08839631504686159	0.04012400179511706	1
18	0.08512605566184829	0.038736855048262464	1
19	0.08208663497156553	0.03741151959124933	1
20	0.07925012484981231	0.03614050653076744	1
1	0.9999999999999998	0.4034793213161985	2
2	0.36837235865219903	0.16889948040883973	2
3	0.2656079907691235	0.11051903300734535	2
4	0.22074123824286937	0.086285914590762125	2
5	0.19462028614379007	0.07427775157183748	2
6	0.17674248801484796	0.06750498417071236	2
7	0.16323128484843677	0.06309755950851398	2
8	0.15236519710903443	0.05984411556980077	2
9	0.14326605232657427	0.05720949486478197	2
10	0.13543413346254876	0.054940365115431884	2
11	0.12855957670311205	0.05290693663075773	2
12	0.12243687029271302	0.051037246549347624	2
13	0.11692230021412622	0.04928835099246291	2
14	0.11191105127316545	0.047632894371967764	2
15	0.10732405470689196	0.046052447018230476	2
16	0.10310000719480825	0.04453399431528188	2
17	0.09919029625915478	0.04306797507556712	2
18	0.09555564243485623	0.04164712279936102	2
19	0.09216380074511658	0.04026574568095918	2
20	0.0889879413379451	0.03891925962821919	2
1	0.9999999999999998	0.3822606028888257	3
2	0.40324556689951685	0.16770719941532475	3
3	0.29783312680257523	0.11857431401349793	3
4	0.24757594117711518	0.09520025559619028	3
5	0.21703407005044223	0.0814628333875469	3
6	0.19595810942373007	0.07261530737710052	3
7	0.18022765873771315	0.06647454906190269	3
8	0.16786237624708142	0.06195017023592729	3
9	0.15778125455017666	0.058460624521983605	3
10	0.14933571109109195	0.055672928814081105	3
11	0.1421084328756694	0.053383403505294406	3
12	0.13581646882096954	0.05146037230030046	3
13	0.13026003504652844	0.04981469716693306	3
14	0.1252934217923927	0.048383561735504003	3
15	0.12080749637588685	0.04712105031562633	3
16	0.11671869833984504	0.04599246083165353	3
17	0.1129618576202514	0.044970775801618214	3
18	0.10948535590120574	0.044034421473889716	3
19	0.1062477727552068	0.043165811070801335	3
20	0.10321550059793652	0.04235037164155431	3
1	0.9999999999999998	0.3738100963080936	4
2	0.3877131864288217	0.17496039430890648	4
3	0.2765512131400308	0.11975432900623817	4
4	0.22472537136575466	0.09283810696487926	4
5	0.1939915407568666	0.07722293986363002	4
6	0.17325947246223353	0.06730439719314095	4
7	0.15810540552279584	0.060540522748693634	4
8	0.14641506628462084	0.055665954726596655	4
9	0.13703923819187366	0.05199833610725104	4
10	0.1292921417776688	0.04914079380837872	4
11	0.12273602129877757	0.04684751213483219	4
12	0.11707726844743978	0.04495855931015562	4
13	0.1121114092245886	0.04336577160907208	4
14	0.10769175400894182	0.04199367569129829	4
15	0.10371048533737685	0.040788248564578064	4
16	0.10008672249241254	0.039710002721299945	4
17	0.09675870890890523	0.03872956476637637	4
18	0.09367854271342084	0.037824747819221356	4
19	0.09080853372800632	0.036978553465962065	4
20	0.08811863298946315	0.0361777744307461	4
1	0.9999999999999998	0.3653770121807754	5
2	0.38310069533865615	0.16162721132187385	5
3	0.2759972564869371	0.10812241782586846	5
4	0.22780218061986524	0.08534898256715952	5
5	0.1995095372136064	0.0735368237044418	5
6	0.18029299630388917	0.06654397327033719	5
7	0.16602377319853093	0.061926915959828535	5
8	0.15479946099174038	0.058628577422306996	5
9	0.14561172476284293	0.056141810817707034	5
10	0.13786663812156463	0.05419202962959142	5
11	0.13118625537767245	0.05261300043711196	5
12	0.12531632298191123	0.051295286386707	5
13	0.1200787773652292	0.05016281882845785	5
14	0.11534512397675423	0.049160984456234146	5
15	0.11102046063340977	0.04824983983433861	5
16	0.10703336136304546	0.0473998628308591	5
17	0.10332920037705552	0.04658910618974984	5
18	0.09986560302754673	0.04580120514039636	5
19	0.09660926756892294	0.04502394441168707	5
20	0.09353370002879915	0.044248209716277735	5
1	1	0.3826284921739272	6
2	0.37926370190773995	0.16387629403713247	6
3	0.27453134664189205	0.1085329378708911	6
4	0.22772831738450455	0.08575408659689934	6
5	0.20025222248039945	0.0747914780957132	6
6	0.18144774380065498	0.06884871829105486	6
7	0.1672997271082846	0.06518997532047621	6
8	0.1559922060535554	0.06267111627633985	6
9	0.14658306513802047	0.06077943868367881	6
10	0.13852888521769316	0.05926312108274122	6
11	0.13148970220826117	0.05798664470566957	6
12	0.12523913019566985	0.056871085736716065	6
13	0.11961887091504737	0.05586741227558431	6
14	0.1145138258296807	0.05494351663817972	6
15	0.10983758950659404	0.054077428959404886	6
16	0.10552354533031023	0.05325352989473033	6
17	0.10151916247399446	0.05246032004184352	6
18	0.09778221161158505	0.051689046664054446	6
19	0.09427817757528738	0.050932827199322475	6
20	0.09097844419837707	0.05018607315188261	6
1	0.9999999999999998	0.3557052377249901	7
2	0.3910267968945661	0.15792240608138938	7
3	0.28787730569312664	0.10286004040726364	7
4	0.2424520334053978	0.08142485725289553	7
5	0.21605830040825894	0.07203267368569569	7
6	0.1981014159806754	0.06753223043724367	7
7	0.1846372920594826	0.06513035916877466	7
8	0.17389726899452304	0.06372283845260004	7
9	0.16496437743859846	0.06283921606096861	7
10	0.1573070488389756	0.06225338522001675	7
11	0.15059098698363693	0.06184288085540122	7
12	0.14459330377998458	0.061535054443529885	7
13	0.1391588400220141	0.06128410425734975	7
14	0.1341759062393379	0.061059979338923896	7
15	0.12956187499366928	0.060842413146513306	7
16	0.1252541811208614	0.060617450264514566	7
17	0.12120447783178717	0.060375308162482204	7
18	0.11737472313590534	0.06010900693425468	7
19	0.11373449144450637	0.0598134642012743	7
20	0.11025908648275975	0.059484882724839865	7
1	1	0.34131126605613843	8
2	0.3585434797744209	0.16362928797112883	8
3	0.25388857708369184	0.10427035961845149	8
4	0.20898837290259653	0.0801861897349874	8
5	0.18324206922010883	0.06931935294659694	8
6	0.16586867458835733	0.0638446511771693	8
7	0.15294792186297987	0.060696960920611574	8
8	0.14273728316587192	0.058682029027829694	8
9	0.13432984826439487	0.057290901602594875	8
10	0.12719518957725923	0.056273809945934956	8
11	0.12099706387859832	0.05549150450930523	8
12	0.11551021346483067	0.054859289174829004	8
13	0.11057758133231906	0.054322786194237783	8
14	0.10608620254765752	0.05384580335622531	8
15	0.10195270140340008	0.05340356503065521	8
16	0.09811415341025197	0.052978672714109463	8
17	0.09452212747817264	0.052558596494825784	8
18	0.09113869522915953	0.052134078189346136	8
19	0.08793369579150112	0.05169809712652834	8
20	0.08488282164959243	0.05124519067572042	8
1	1	0.3129750748804322	9
2	0.3538627194417184	0.14150135394545474	9
3	0.2559150954558425	0.08193325036155301	9
4	0.21565364458271583	0.05493917556525061	9
5	0.19383780161042727	0.04100472552153996	9
6	0.17997674782116824	0.033109530272787104	9
7	0.17024555653697673	0.028105709406645737	9
8	0.16295762875702172	0.024624759410472704	9
9	0.15724757080135268	0.022050005604920462	9
10	0.15261804111946048	0.02006905590260075	9
11	0.14876014637301643	0.01850028502262353	9
12	0.14547175982881563	0.017226771888816793	9
13	0.14261560166183446	0.016168894018749966	9
14	0.14009566160853126	0.01527092342815087	9
15	0.1378430793574883	0.014493290861701216	9
16	0.135807324719798	0.01380762346316303	9
17	0.13395052049928935	0.013193398348618747	9
18	0.132243701279658	0.012635636944026711	9
19	0.13066429781628877	0.012123298282168269	9
20	0.12919441442190016	0.011648149272959665	9
1	1	0.32152050980977437	10
2	0.34405568096313005	0.14492666308215543	10
3	0.245866906149617	0.08491470672707681	10
4	0.20646962643828898	0.05737317056306735	10
5	0.1854225698203279	0.042601318370433676	10
6	0.17212348371012204	0.0338838090365693	10
7	0.1627658027573293	0.028252326747842248	10
8	0.15569770476360642	0.024341272983340913	10
9	0.15009103126486936	0.021475778261853998	10
10	0.14548272016494532	0.01928713089442296	10
11	0.14159240485929234	0.0175550421832753	10
12	0.1382400652582269	0.016140162203980957	10
13	0.13530468489223368	0.01495171446056555	10
14	0.13270172800512928	0.013929678974004675	10
15	0.13037011540922197	0.013033929825824148	10
16	0.12826435685222143	0.012237270294443981	10
17	0.1263496353802604	0.011520898011552958	10
18	0.1245986483733905	0.010871456464032118	10
19	0.12298952517002332	0.010279132174627614	10
20	0.12150442057392448	0.009736436692089744	10
1	1	0.31821299134569314	11
2	0.3238170721187025	0.15004460580299206	11
3	0.22089920322893267	0.09250572815518719	11
4	0.17783788494282016	0.06415863824402707	11
5	0.15428757760517078	0.0479071972977035	11
6	0.13926480102483982	0.037960773270778625	11
7	0.12867707392483338	0.031514818933651066	11
8	0.12070130766790482	0.02714112181935847	11
9	0.11440614093449218	0.0240669182121722	11
10	0.10926293029013642	0.0218410393708717	11
11	0.10494738040691884	0.020182642114278143	11
12	0.10124890199336015	0.018909720456817426	11
13	0.09802472705185718	0.01790177434976683	11
14	0.09517468800593037	0.01707807933846546	11
15	0.0926264509119424	0.016384062603083675	11
16	0.09032644601313752	0.015782459022751244	11
17	0.08823408931684072	0.015247508269961513	11
18	0.0863179924762157	0.014761143552614738	11
19	0.08455341647351353	0.014310489965384003	11
20	0.08292052512077665	0.013886219597718396	11
1	1	0.2992896616213047	12
2	0.3193548928739337	0.16176865067398422	12
3	0.20649749636673087	0.10151073081217787	12
4	0.1583970572803037	0.07042487845997675	12
5	0.13198497978472734	0.05205582688204908	12
6	0.11525923014960163	0.040524696349980516	12
7	0.10364606969469493	0.032920493488465284	12
8	0.09505826118686787	0.02768491475997763	12
9	0.08841153283304334	0.023937622633749864	12
10	0.08308598430939602	0.021157213517562688	12
11	0.07870122087171577	0.019022858127590067	12
12	0.07501108243995183	0.017331212826138927	12
13	0.0718495563262455	0.015950266135409244	12
14	0.06910087401406399	0.0147924891731	12
15	0.06668200561899883	0.013798697383985708	12
16	0.06453193769054126	0.012928117864621608	12
17	0.062604860440522	0.012152155132793191	12
18	0.06086570520847577	0.011450407481136125	12
19	0.05928714513423881	0.010808078184422224	12
20	0.05784753401887114	0.010214266303593037	12
1	1	0.2659647893264175	13
2	0.3364571019722516	0.14736750203577537	13
3	0.2281179551805526	0.09275613711929727	13
4	0.1809424743594402	0.06594642008066931	13
5	0.15440527993179365	0.0505580681285003	13
6	0.13724270812960984	0.04083841383603716	13
7	0.1251401741343806	0.03416244356193069	13
8	0.11611115909725014	0.02927179019221132	13
9	0.10910939405158857	0.0255200848799795	13
10	0.10352547800346185	0.022545189453907065	13
11	0.09897677687357397	0.020127418492994105	13
12	0.09520891850464994	0.01812498602312959	13
13	0.09204506369477594	0.016441856999252272	13
14	0.08935779529017178	0.015010258883458227	13
15	0.0870526154081025	0.013780559300428662	13
16	0.08505778550023656	0.012715186194868507	13
17	0.0833178089395953	0.011784885613634296	13
18	0.0817890947806264	0.0109663650487144	13
19	0.08043697716579765	0.010240767759865656	13
20	0.07923360659414508	0.009592650229411834	13
1	1	0.29378993985482826	14
2	0.3339592818952664	0.1581632370636274	14
3	0.2250410011385975	0.10484794815342774	14
4	0.17799038146821888	0.07925650481224854	14
5	0.1514813633493975	0.06530174853092288	14
6	0.13406579281602363	0.05691024889649261	14
7	0.12146763852034266	0.05137522481699704	14
8	0.11177050519460797	0.047451749196626314	14
9	0.10398323384077766	0.044516077749264436	14
10	0.09753367742923655	0.042221989962087744	14
11	0.09206404374162745	0.04036111816804763	14
12	0.08733723935801053	0.0388013640878829	14
13	0.0831891743536168	0.037456187802933534	14
14	0.07950232229500968	0.03626752384294245	14
15	0.07619009212223338	0.035195578464072334	14
16	0.07318713224365027	0.03421248896261949	14
17	0.07044308391695579	0.03329829335184836	14
18	0.06791843167115047	0.03243833210671637	14
19	0.06558167412405248	0.03162155639505915	14
20	0.0634073500569714	0.030839417789576704	14
1	1	0.3063222310204096	15
2	0.30110396420599916	0.15652210426256985	15
3	0.19606057268863505	0.09754277270356558	15
4	0.15250678617834917	0.06991544095308738	15
5	0.12875333885523432	0.055117479503564715	15
6	0.11355210738745879	0.04658963008367106	15
7	0.10275633567460744	0.04128741173957592	15
8	0.09454103213515343	0.037759265965615456	15
9	0.08798587033238105	0.035276614571281284	15
10	0.08257413312344807	0.03344571779734289	15
11	0.07799079719352568	0.032038647511257685	15
12	0.07403135556696637	0.030916431905770068	15
13	0.07055639843798701	0.029991129973302087	15
14	0.06746708277906033	0.02920550311912893	15
15	0.06469099960106116	0.028521394586986822	15
16	0.06217360323139454	0.02791277640321575	15
17	0.05987279608639232	0.027361452321309265	15
18	0.05775539144073122	0.026854340364473706	15
19	0.05579473826643662	0.026381727098265903	15
20	0.05396908817390989	0.025936135182948825	15
1	1	0.2639331596395592	16
2	0.34504285313789096	0.14910012516305127	16
3	0.24190224601910623	0.09575604065905216	16
4	0.19816070076756437	0.06770175211115367	16
5	0.17417243079846417	0.05051654395468981	16
6	0.1590105228507064	0.039213826157891894	16
7	0.14851854935554754	0.03141107470212557	16
8	0.14079408163601045	0.02585704997367549	16
9	0.1348418224384014	0.02182498568698154	16
10	0.13008876906921682	0.018849895475405668	16
11	0.12618229958505078	0.016615019164676156	16
12	0.12289482693269072	0.014899231632349937	16
13	0.1200739826308061	0.013548170214800823	16
14	0.11761458365761163	0.012455062239376558	16
15	0.11544201635593102	0.011546670646451642	16
16	0.11350201534871115	0.010772906043563596	16
17	0.11175419419963355	0.010099376728733043	16
18	0.11016785079831208	0.009502230160936572	16
19	0.1087191871979327	0.00896467759517402	16
20	0.10738942795019973	0.00847469106010899	16
1	1	0.217020130949944	17
2	0.3301029024783001	0.16024939413554537	17
3	0.21120584297887382	0.10084338817619068	17
4	0.15991764953244617	0.0676729438592054	17
5	0.1325422998852746	0.04771472687770839	17
6	0.11601499494721425	0.03517205504267801	17
7	0.10515823755495146	0.02692340366800004	17
8	0.09757560322896017	0.02128857294988097	17
9	0.09202411036446896	0.017328429438565537	17
10	0.08780187254730386	0.014484050393121025	17
11	0.08448687120383294	0.01240228192393706	17
12	0.08181298296551014	0.010850367025459634	17
13	0.07960586093311661	0.009671060575937513	17
14	0.07774753155905503	0.008756669042579273	17
15	0.07615586505064517	0.008032791110680905	17
16	0.07477220918642569	0.007447641135146951	17
17	0.07355370338343638	0.006964886752283224	17
18	0.07246836951433679	0.0065588050793807355	17
19	0.07149189790832511	0.006210995321066988	17
20	0.07060549463530837	0.005908140387311629	17
1	1	0.27060807929664493	18
2	0.3434514895492475	0.1549006060053124	18
3	0.2379707339199644	0.09778276773782135	18
4	0.1931463828085883	0.06865176208368912	18
5	0.16864368555986411	0.0518921982540716	18
6	0.1531782193992472	0.041762990633298525	18
7	0.1424332905937274	0.035411829542399485	18
8	0.13444082049529724	0.03130422448496695	18
9	0.12818439625308398	0.028566870658186482	18
10	0.12308878440389359	0.026680420899357	18
11	0.11880594844389329	0.0253276932153503	18
12	0.11511461931282348	0.024312357521160267	18
13	0.11186860216261979	0.023511976033814632	18
14	0.10896817698019828	0.02284970856226388	18
15	0.10634338387745194	0.022276998294396867	18
16	0.10394384035704274	0.02176292937886385	18
17	0.10173233732680641	0.021287662682074295	18
18	0.09968070978323854	0.020838362926311204	18
19	0.09776711995299103	0.020406650190142768	18
20	0.09597423926037847	0.01998698937265405	18
1	1	0.23566865965005687	19
2	0.32783626987537595	0.14286161141508635	19
3	0.226456994212254	0.08180409608062833	19
4	0.18566521256974455	0.0532475520850507	19
5	0.16387468150397183	0.03850496938891438	19
6	0.15010058352853406	0.030363187772248303	19
7	0.14039247982314468	0.025449989556093806	19
8	0.13304276764757347	0.022199282876659406	19
9	0.12720026773833581	0.019874857351563722	19
10	0.12239045623127334	0.018110453352815338	19
11	0.11832544427269753	0.016709187022523397	19
12	0.11481920836180028	0.01555716404320846	19
13	0.11174564663564114	0.014584370342286991	19
14	0.10901598338312005	0.01374552068984678	19
15	0.10656575389147407	0.013009967829360222	19
16	0.10434690412896591	0.012356090655210261	19
17	0.1023227900294542	0.011768052444835773	19
18	0.10046490159368744	0.011233870583196588	19
19	0.09875065444624462	0.010744233095992086	19
20	0.09716186444553578	0.010291749430646507	19
1	1	0.25467837364060325	20
2	0.329076239375242	0.15455188109977483	20
3	0.22030041755955387	0.09775205307218397	20
4	0.1734787080531756	0.07015933783052809	20
5	0.14722300263711685	0.0545593618586045	20
6	0.1301846499706853	0.04500543041909636	20
7	0.11802714604044207	0.03877155883246217	20
8	0.10876078559949322	0.034476653011632045	20
9	0.10135204415774869	0.031355033132942946	20
10	0.09521544163590584	0.028955785006348062	20
11	0.08999785933501114	0.027007847859823315	20
12	0.08547547079642193	0.025348754541646933	20
13	0.08150001241336365	0.02388202797096007	20
14	0.07796906280533265	0.022550740680249537	20
15	0.07480892599557909	0.02132127466327143	20
16	0.0719644767908242	0.02017356239940211	20
17	0.06939298621508774	0.019095333899631903	20
18	0.06706027976749755	0.01807877158233053	20
19	0.06493829114312095	0.01711858361053024	20
20	0.06300346616887895	0.016210902349386543	20
1	1	0.25921657104827245	21
2	0.2869875918639268	0.15063831013738033	21
3	0.1870957732516342	0.09256993869791766	21
4	0.14675423192808432	0.06402040291348687	21
5	0.12509149407310505	0.0471469956928702	21
6	0.11153090452420596	0.03630675536497233	21
7	0.10219824927917158	0.02890966821605477	21
8	0.09536682393758872	0.023638483523685985	21
9	0.09014891788885515	0.019763674444173315	21
10	0.08603711228802088	0.01684581918590764	21
11	0.0827179827500297	0.01460286124894483	21
12	0.07998638393017213	0.012846647484302127	21
13	0.07770181857811838	0.011448862734958236	21
14	0.0757644601144851	0.010320561027643352	21
15	0.07410119696115554	0.009398998952325998	21
16	0.07265713263230453	0.008638959109369786	21
17	0.07139020362567536	0.008007031742761178	21
18	0.07026764907616329	0.007477874012250572	21
19	0.06926361795806778	0.0070317769810776904	21
20	0.06835749766915691	0.006653081484556395	21
1	1	0.2535791154257404	22
2	0.2932779246070379	0.1564680116779286	22
3	0.18826955989309074	0.09527608056723133	22
4	0.14473497218606057	0.06572674040318263	22
5	0.12072855502850265	0.04903950051650283	22
6	0.10525737068019461	0.03881527854058242	22
7	0.09427550716373978	0.03209962417292066	22
8	0.08597499407668999	0.02741440163948244	22
9	0.07942612105413874	0.023971502641908424	22
10	0.07409836606700983	0.021327452116064675	22
11	0.06966439091501488	0.0192222854140808	22
12	0.06590950964643677	0.017498390811287054	22
13	0.06268574564836445	0.016056898925036145	22
14	0.0598868013695903	0.014833297520624074	22
15	0.057433651771801514	0.013783518497485287	22
16	0.05526586721936988	0.01287591638656995	22
17	0.05333617258556303	0.012086609637694557	22
18	0.05160690589067955	0.01139675628875181	22
19	0.0500476307167399	0.010790949001763774	22
20	0.04863347222423923	0.010256260301227818	22
1	0.9999999999999999	0.2559641142630025	23
2	0.2887228019472437	0.16180830396747506	23
3	0.17974211448944064	0.09841405322781359	23
4	0.13429852152268484	0.06630256872402958	23
5	0.10950825857286141	0.04765424380581821	23
6	0.09385170392866689	0.036080613843372696	23
7	0.08302286238596972	0.028464978416287545	23
8	0.0750756740021119	0.02320628329656566	23
9	0.06899711192038709	0.01944034736796528	23
10	0.06420133648847778	0.01666911588965869	23
11	0.06032289302110006	0.014585916192986534	23
12	0.057120995922714204	0.012991343294594521	23
13	0.05443039415281838	0.011750459782077168	23
14	0.05213401821273933	0.01076934742503615	23
15	0.050146782780398774	0.009981297511582075	23
16	0.04840552707220896	0.009338186506692369	23
17	0.04686252454039199	0.008804854903181999	23
18	0.04548116092287988	0.008355332335425576	23
19	0.04423297731971717	0.007970247539839884	23
20	0.04309559891870101	0.007635021136528515	23
1	0.9999999999999999	0.26551361388405026	24
2	0.3036629423635382	0.18834299458940157	24
3	0.18559762458903953	0.12696537396420435	24
4	0.13393668517266594	0.09193201963082925	24
5	0.10517299607132286	0.069905344546568	24
6	0.08682947234082806	0.055302321174449005	24
7	0.07407286739008981	0.045180974155719	24
8	0.06466731691463717	0.037899549405210856	24
9	0.05743583399137516	0.0324911744182153	24
10	0.0516972396487108	0.028359061400412108	24
11	0.04702892403716245	0.025121779482228875	24
12	0.04315452090645434	0.022528996487458663	24
13	0.03988559689384978	0.0204124656427501	24
14	0.037089188731706905	0.01865629685262928	24
15	0.034668731505523104	0.017178552907774952	24
16	0.03255235652755344	0.01591974219184186	24
17	0.030685441560320964	0.01483556373180773	24
18	0.029025713019209965	0.013892280353313032	24
19	0.02753993318200886	0.013063717006909763	24
20	0.026201602620751357	0.012329266933229025	24
1	1	0.20639133753890784	25
2	0.2745925323459215	0.16437950499186202	25
3	0.16830096288646562	0.09792320244340276	25
4	0.12548453705194226	0.06486846972666731	25
5	0.10276541084032635	0.04674146144333493	25
6	0.08856357461923554	0.03599713848087159	25
7	0.07869876021226935	0.029118825756882565	25
8	0.07135890135447218	0.02440437867842078	25
9	0.06563932432395891	0.020980867700927525	25
10	0.06103597286915331	0.018370079488838863	25
11	0.057243323667786665	0.016295856554529663	25
12	0.054063547190817476	0.014592980233230883	25
13	0.05136147047498097	0.013159992592238727	25
14	0.04904049346608717	0.011932919251477655	25
15	0.047028942741401	0.010870030918558374	25
16	0.04527197140823708	0.009942859996378627	25
17	0.04372655326579868	0.009130883488951864	25
18	0.0423582709174822	0.008418383828593931	25
19	0.041139178554121233	0.007792610327991582	25
20	0.04004632828335383	0.007242718737910409	25
1	0.9999999999999998	0.1953213851468796	26
2	0.3084343933247855	0.1560932401027538	26
3	0.20342368087811857	0.09614253654253233	26
4	0.1591211207295544	0.065653619554711	26
5	0.13492806696789514	0.04833476307867153	26
6	0.11965764971754742	0.037744759021174835	26
7	0.1090818355998936	0.030803657404956598	26
8	0.10128524296310071	0.025975770217801276	26
9	0.09527757021585313	0.022447741176424525	26
10	0.09049430226112022	0.019756955963340303	26
11	0.08658967500910697	0.01762513458717341	26
12	0.08333994267638468	0.015879277686137346	26
13	0.08059367230971103	0.014409926784193334	26
14	0.07824433312984841	0.013146902287354835	26
15	0.0762143845841005	0.012044420294764309	26
16	0.07444567355029806	0.011071800280982608	26
17	0.07289345022353791	0.010207672071777705	26
18	0.07152252885564064	0.009436398248826776	26
19	0.0703047536221824	0.008745892994092421	26
20	0.06921727719388776	0.008126312652144516	26
1	0.9999999999999998	0.2359408193969933	27
2	0.2770601722748965	0.1648176161576455	27
3	0.1711338500821413	0.09750968328070067	27
4	0.12906841040933914	0.06438285924474493	27
5	0.107413533936554	0.04630967227068707	27
6	0.09439368632312488	0.03589495979655246	27
7	0.08568626114337573	0.029611275372486315	27
8	0.07940135505822404	0.025684542331286562	27
9	0.07459691276577107	0.023158857836961116	27
10	0.07075472492472791	0.021485483696374923	27
11	0.06756835212568196	0.02033803546509487	27
12	0.06484655216928006	0.01951963696043627	27
13	0.06246484643559051	0.018910603737432127	27
14	0.06033935229928976	0.01843735180023387	27
15	0.05841182948406024	0.01805381272087943	27
16	0.0566407578023118	0.017730422107498242	27
17	0.05499582554471572	0.017447636079760593	27
18	0.05345442360476741	0.01719210949044864	27
19	0.0519993574836927	0.01695442405712258	27
20	0.05061731924231297	0.016727718260746337	27
1	0.9999999999999998	0.22342923488142152	28
2	0.28372185595223315	0.1701754787678681	28
3	0.1760618007621013	0.09937411956231011	28
4	0.13391801701399525	0.0652510673524523	28
5	0.1121298230937466	0.04740745602710358	28
6	0.09874285848004882	0.0376690828518128	28
7	0.08949397205122074	0.03214789079967493	28
8	0.08256463278864708	0.028909081521415556	28
9	0.07706406448603736	0.026940065232426025	28
10	0.07250730738701429	0.025686552863354372	28
11	0.0686090163220629	0.02483747322978611	28
12	0.06519136425477055	0.02421640596633174	28
13	0.06213845625608896	0.023722670806433463	28
14	0.059371894237031805	0.023298395982424527	28
15	0.05683687760673211	0.022910031805679753	28
16	0.054493934919901954	0.022537984449500253	28
17	0.05231382885815769	0.022170783952044432	28
18	0.05027432406076429	0.021801769324587338	28
19	0.04835808508458371	0.02142717263895047	28
20	0.0465512791822835	0.021044987774911168	28
1	1	0.22681820995265237	29
2	0.2661461813492764	0.18159388114669578	29
3	0.1527338756849674	0.1102194144422861	29
4	0.10813348022521797	0.07314854543171698	29
5	0.0855412036751068	0.05235963449916338	29
6	0.07210897792874814	0.039959179769073934	29
7	0.06318832033402484	0.0321154115337976	29
8	0.05678674142760646	0.026939057970146032	29
9	0.05192645176917999	0.02341979882761211	29
10	0.04807470168957034	0.020959712203077102	29
11	0.04491801207923675	0.01918155099834813	29
12	0.04226109986111485	0.017842954909471777	29
13	0.03997674721575842	0.016789151511753093	29
14	0.037978919804083994	0.01592230351702308	29
15	0.03620750359493497	0.015180850644109449	29
16	0.03461925604028926	0.014525911658645285	29
17	0.033182250153576426	0.013932634046882327	29
18	0.03187235751745924	0.013384833234401051	29
19	0.030670959069313334	0.012871719686909824	29
20	0.02956341582866226	0.012385910231367848	29
1	1	0.23163227780894316	30
2	0.26014519502891625	0.16461131718368202	30
3	0.15347345582751395	0.09903990777352989	30
4	0.11095008324481481	0.06643205788985954	30
5	0.08886897996477001	0.04832941043242253	30
6	0.07541129387052212	0.03753099965358417	30
7	0.0662771308926584	0.030620994555801834	30
8	0.05960860960758512	0.025939807937915137	30
9	0.054485114309770676	0.022623083858277812	30
10	0.05039823623675454	0.020177344900512255	30
11	0.047043564315524276	0.018300206345569628	30
12	0.044227759582322876	0.016799500318051455	30
13	0.04182247231215825	0.015551561049456968	30
14	0.03973942671276261	0.014476655807144169	30
15	0.03791602980384202	0.013523421062821272	30
16	0.0363066429161219	0.0126587792711935	30
17	0.03487709322126712	0.011861405958242149	30
18	0.03360112738302803	0.011117518709879783	30
19	0.032458070939744975	0.010418172494384858	30
20	0.031431256658300065	0.009757523070826949	30
1	1	0.2050013585340751	31
2	0.277450491803279	0.16637218538716966	31
3	0.17137075945132177	0.10208444699450862	31
4	0.12795136835061868	0.06992739688288797	31
5	0.10494753955994672	0.05132861344525772	31
6	0.09086658060746329	0.039734371797606145	31
7	0.08138374806916122	0.03216604491623286	31
8	0.07454626960963599	0.027106145264706623	31
9	0.06935186639094477	0.023670922018293176	31
10	0.06523812872195264	0.021291830042658277	31
11	0.061869398019327844	0.019591686212380673	31
12	0.05903597477053008	0.018324305444687185	31
13	0.056601730010936775	0.01733388489467034	31
14	0.05447506734663106	0.01652436336372652	31
15	0.052592139884069584	0.015837309538828098	31
16	0.05090687162381615	0.015237108746567684	31
17	0.049384894918601756	0.014701625014982903	31
18	0.047999794817433536	0.014216561762608972	31
19	0.04673073517553579	0.013772155609690612	31
20	0.045560923980860715	0.013361279433311805	31
1	0.9999999999999998	0.2210492797270776	32
2	0.23196501317996665	0.16496334445757227	32
3	0.12864596018134083	0.09227976085790494	32
4	0.09035268025254653	0.05693231999863348	32
5	0.07185755246467396	0.03812977135777122	32
6	0.06129948126679197	0.027473083807770065	32
7	0.054526444846782415	0.021010737326035426	32
8	0.04981154092875671	0.016853576537720932	32
9	0.0463297690127547	0.0140527541394211	32
10	0.043641576450868	0.012091171760196529	32
11	0.041492959973604596	0.010664921502061282	32
12	0.039727989612116925	0.009587008868368357	32
13	0.03824627347174486	0.00874007538920627	32
14	0.03698051812486906	0.008049910684060118	32
15	0.03588396642615321	0.007469309854579879	32
16	0.03492305166029672	0.00696795392594881	32
17	0.034072952823008186	0.006526068508858475	32
18	0.03331482560675472	0.006130480410062859	32
19	0.03263403015894657	0.005772179586073145	32
20	0.032018966643489404	0.005444813817761293	32
1	1	0.1851523295270747	33
2	0.2394781859577875	0.16323003475843884	33
3	0.14100356775532832	0.0946098512216421	33
4	0.10303787898766648	0.06333723518989931	33
5	0.08358454470205551	0.04670722853067984	33
6	0.07181726102379285	0.03691505502068648	33
7	0.06388181817499211	0.030657500469638426	33
8	0.05811633910359666	0.02642012198447638	33
9	0.05369481605901552	0.02343177271249774	33
10	0.0501615991426109	0.021255204586272034	33
11	0.04724570732890508	0.019622183654303498	33
12	0.04477672551444558	0.01836023632683251	33
13	0.04264267278302761	0.017355446337898515	33
14	0.040767236331267095	0.016531298576936426	33
15	0.03909675125719605	0.01583578422895316	33
16	0.037592415071237784	0.015233235038019446	33
17	0.03622545707473174	0.014699023531482508	33
18	0.034974044311722734	0.0142160535685511	33
19	0.033821244383352406	0.013772394630140588	33
20	0.03275365196614996	0.0133596629826158	33
1	1	0.21406555061365257	34
2	0.22582892934037999	0.16964920260068483	34
3	0.12740765595727446	0.09769309965745411	34
4	0.09051288708867754	0.0635104399167645	34
5	0.07227726912406372	0.04468144249712888	34
6	0.06169536075642041	0.033390269598066326	34
7	0.05485451927649202	0.026185417921996246	34
8	0.05007604671995154	0.021418410295192484	34
9	0.04653329128328685	0.01820797296058372	34
10	0.04377695967821049	0.016021875060289334	34
11	0.04154552495329768	0.014512749647316473	34
12	0.039679026954464965	0.013448939633571072	34
13	0.03807569101962491	0.012677695368785819	34
14	0.036668466331429485	0.012100185639816262	34
15	0.03541170269434557	0.011653217641427053	34
16	0.03427332113435343	0.011296345627108226	34
17	0.03323008949600675	0.01100330333680566	34
18	0.03226470506572004	0.01075658122491043	34
19	0.03136395248952052	0.01054410284609136	34
20	0.03051751374039103	0.01035722140053641	34
1	1	0.2373705753510645	35
2	0.21574423350442176	0.16567376560290295	35
3	0.11988278336503132	0.09324290282834889	35
4	0.08532839714328608	0.0594174625202159	35
5	0.06874424051267322	0.0409952783440936	35
6	0.05924575878100292	0.030130379720545223	35
7	0.05308706113416813	0.02329607724154876	35
8	0.04872973212689058	0.018789724511317822	35
9	0.04544809951162168	0.015722739780988614	35
10	0.04285955551618931	0.013588117380100606	35
11	0.040744115244462635	0.012074473476395148	35
12	0.038966518094219	0.010981785047877694	35
13	0.03743904092713728	0.010178616158060273	35
14	0.036102246035559456	0.00957745029612727	35
15	0.034914361548525084	0.009119269237431298	35
16	0.033845117529101146	0.008763652484057978	35
17	0.032872009378327384	0.008482421015553557	35
18	0.03197794245646207	0.008255569456772947	35
19	0.031149693272733703	0.008068651447572102	35
20	0.030376871053179395	0.007911075718891115	35
1	0.9999999999999999	0.24651977165607594	36
2	0.27090289103039317	0.17814902568233332	36
3	0.16493160466558776	0.1141577461264948	36
4	0.1210116942255031	0.07993621074180018	36
5	0.09750679408397268	0.05874943776409374	36
6	0.08304703755491154	0.04488769279625332	36
7	0.07330628606669293	0.03549925929744363	36
8	0.06630702413462661	0.02897564293622334	36
9	0.06102568541492483	0.024337365276555684	36
10	0.05688393915562259	0.020960737894377173	36
11	0.05353328128971025	0.01844059079865666	36
12	0.05075282758231323	0.016511903236066768	36
13	0.04839655458930257	0.015000608841323046	36
14	0.046364334447920465	0.01379143039274709	36
15	0.04458526976500068	0.01280682364485643	36
16	0.04300772935716822	0.011993398734086117	36
17	0.04159318457732784	0.011313306422828734	36
18	0.040312275023663496	0.010738836588464716	36
19	0.039142222195577996	0.01024904667451919	36
20	0.03806508170590017	0.00982765088400952	36
1	0.9999999999999998	0.1886526027868201	37
2	0.2647339978383574	0.16305658068720044	37
3	0.1663303294177046	0.09643702388216815	37
4	0.12815324136139358	0.06317294586856806	37
5	0.10865397997745323	0.04442737972658734	37
6	0.09689126725984953	0.03329124369867924	37
7	0.08893774640736984	0.026398428096291317	37
8	0.08311630459293949	0.021967899231436397	37
9	0.07861070554788732	0.019005358073269092	37
10	0.07498021316373255	0.01693780972568471	37
11	0.07196622251380713	0.015430126760111648	37
12	0.06940642189681417	0.014284346217363766	37
13	0.06719313207631451	0.013381723078537128	37
14	0.06525156382572628	0.012649202439574287	37
15	0.06352776915649558	0.012040240591838506	37
16	0.06198161064356781	0.011523941856336041	37
17	0.06058246511066727	0.011078908201189433	37
18	0.059306485710691095	0.010689718735823778	37
19	0.05813478950793397	0.01034487030577921	37
20	0.057052216249275756	0.010035535290258942	37
1	0.9999999999999998	0.1759157567553612	38
2	0.2792774498229046	0.1616737899055162	38
3	0.17692880032768732	0.09252868718049435	38
4	0.13683314459195695	0.058169033501722874	38
5	0.11659409265979741	0.039821819811394404	38
6	0.10462356989317871	0.029551638565683342	38
7	0.09671521603649125	0.023496491450629653	38
8	0.09106194471789317	0.019758651463123493	38
9	0.08677596773691584	0.017366599092389762	38
10	0.08337292954605836	0.015785114602432017	38
11	0.0805676107852685	0.014699548318611665	38
12	0.07818274126943031	0.013918828962207292	38
13	0.07610372113103797	0.013326077885588221	38
14	0.07425413985864925	0.012849917393844805	38
15	0.07258168970007153	0.012446776626810485	38
16	0.07104969470413851	0.012089941530840047	38
17	0.06963185108662825	0.011762876591833234	38
18	0.06830887966473115	0.011455205443087941	38
19	0.06706635074852638	0.011160307306367957	38
20	0.06589324451037355	0.01087387914860967	38
1	0.9999999999999998	0.1893199194408439	39
2	0.29054359936668056	0.16227054650150435	39
3	0.19224698030270596	0.09383980817675834	39
4	0.15406935400677568	0.060903938803243525	39
5	0.1342308871330852	0.04438706847255524	39
6	0.12174281494975543	0.03568583614854388	39
7	0.11283139255733843	0.030620367258457397	39
8	0.10596107110962007	0.02730088125254678	39
9	0.10040286081739712	0.024892678711065853	39
10	0.09576083602767842	0.023009801725626614	39
11	0.0917961372536765	0.021458749016720218	39
12	0.08835306327019499	0.0201343469222012	39
13	0.08532410424673552	0.01897539923708516	39
14	0.08263163666836817	0.01794410115595555	39
15	0.08021757024673018	0.01701568093270943	39
16	0.07803714445071193	0.01617289007516537	39
17	0.07605503890861817	0.01540297445927182	39
18	0.07424283855333724	0.01469597537916666	39
19	0.07257732300912373	0.014043761242504617	39
20	0.07103927446315272	0.013439465721735594	39
1	0.9999999999999998	0.21642001906307243	40
2	0.2553021167415011	0.1620575384688254	40
3	0.16313440064929133	0.08653010115168834	40
4	0.1302112945242238	0.05178508817613716	40
5	0.11421030159228392	0.03525437409844106	40
6	0.10453087807625287	0.027303126453034586	40
7	0.09771884126915348	0.02316731145576651	40
8	0.09245461623553439	0.02071679173164417	40
9	0.08815219776689354	0.01906674007238328	40
10	0.0845117390753865	0.017840306828728794	40
11	0.08136027462724854	0.01686142647044953	40
12	0.07858819981664113	0.01603896404585217	40
13	0.07612088870182696	0.015321667495469267	40
14	0.07390465764096231	0.01467881417868908	40
15	0.07189921804862448	0.01409098197734932	40
16	0.07007333124145676	0.013545298263170937	40
17	0.06840215745433882	0.01303286410215576	40
18	0.06686555403424925	0.012547299611409442	40
19	0.06544693281142125	0.01208388961446493	40
20	0.0641324624468816	0.011639061105870185	40
1	0.9999999999999999	0.22457947550487176	41
2	0.2755476789389437	0.15626959003184737	41
3	0.1801790672820697	0.08624138855846372	41
4	0.1436456899247233	0.054087196734725354	41
5	0.12473362551495523	0.038426112407616064	41
6	0.11286688971204101	0.030319213352595048	41
7	0.10444744403057242	0.02559415937545868	41
8	0.09800740237924048	0.02246539903154266	41
9	0.09284186991820018	0.020186221900542728	41
10	0.08856259106600937	0.018419384712876342	41
11	0.0849326738097071	0.016991313872486688	41
12	0.08179680567488747	0.01580105855617469	41
13	0.07904783025419536	0.014784569899284623	41
14	0.07660896225729028	0.013898823274079727	41
15	0.07442353366522547	0.013113771659266837	41
16	0.07244871424243565	0.012407841759635822	41
17	0.07065148072875459	0.011765233294225139	41
18	0.06900592918475004	0.01117421078032115	41
19	0.06749142627183488	0.010625971361460927	41
20	0.06609130498550485	0.010113862698993484	41
1	0.9999999999999998	0.19977584046524507	42
2	0.2514700698018757	0.15880234187726275	42
3	0.1601003788669104	0.0861002298746749	42
4	0.12627049917478073	0.05398779600877747	42
5	0.10884867975822142	0.03888092457550545	42
6	0.09789795148859429	0.031154041626774386	42
7	0.09015395326998693	0.026598958307655598	42
8	0.08428972540074134	0.02353512469416946	42
9	0.07965357320694126	0.021293606858632123	42
10	0.07587414909025285	0.019574132438930268	42
11	0.07271758235299774	0.018215639814626778	42
12	0.07002702640719709	0.017118006699822	42
13	0.06769294004804056	0.01621324822247319	42
14	0.065636629589856	0.015452948584567427	42
15	0.063800345900792	0.014801656234900474	42
16	0.062140982448594936	0.014232930648482245	42
17	0.06062590319603514	0.013726797867696216	42
18	0.05923009640168749	0.013268040390923016	42
19	0.0579341855087472	0.012845009076488684	42
20	0.05672301082757274	0.012448772527047238	42
